number,zip_file,bill_file,act_file,bill_url,act_url,status
01,AMENDMENT_01_18061951.zip,MISSING,AMENDMENT_01_ACT.pdf,MISSING,https://cdnbbsr.s3waas.gov.in/s380537a945c7aaa788ccfcdf1b99b5d8f/uploads/2023/03/2023030234-2.pdf,MISSING_BILL
02,AMENDMENT_02_01051953.zip,MISSING,AMENDMENT_02_ACT.pdf,MISSING,https://cdnbbsr.s3waas.gov.in/s380537a945c7aaa788ccfcdf1b99b5d8f/uploads/2023/03/2023030280-1.pdf,MISSING_BILL
03,AMENDMENT_03_22021955.zip,AMENDMENT_03_BILL.pdf,AMENDMENT_03_ACT.pdf,https://web.archive.org/web/20240701235007id_/https://eparlib.nic.in/bitstream/123456789/58262/1/jcb_01_1954_constitution_3rd_amendment_bill.pdf,https://cdnbbsr.s3waas.gov.in/s380537a945c7aaa788ccfcdf1b99b5d8f/uploads/2023/03/2023030293-1.pdf,OK
04,AMENDMENT_04_27041955.zip,MISSING,AMENDMENT_04_ACT.pdf,MISSING,https://cdnbbsr.s3waas.gov.in/s380537a945c7aaa788ccfcdf1b99b5d8f/uploads/2023/03/2023030215-1.pdf,MISSING_BILL
05,AMENDMENT_05_24121955.zip,MISSING,AMENDMENT_05_ACT.pdf,MISSING,https://cdnbbsr.s3waas.gov.in/s380537a945c7aaa788ccfcdf1b99b5d8f/uploads/2023/03/2023030282-1.pdf,MISSING_BILL
06,AMENDMENT_06_11091956.zip,MISSING,AMENDMENT_06_ACT.pdf,MISSING,https://cdnbbsr.s3waas.gov.in/s380537a945c7aaa788ccfcdf1b99b5d8f/uploads/2023/03/2023030213-1.pdf,MISSING_BILL
07,AMENDMENT_07_01111956.zip,MISSING,AMENDMENT_07_ACT.pdf,MISSING,https://cdnbbsr.s3waas.gov.in/s380537a945c7aaa788ccfcdf1b99b5d8f/uploads/2023/03/2023030239-1.pdf,MISSING_BILL
08,AMENDMENT_08_05011960.zip,MISSING,AMENDMENT_08_ACT.pdf,MISSING,https://cdnbbsr.s3waas.gov.in/s380537a945c7aaa788ccfcdf1b99b5d8f/uploads/2023/03/2023030219-2.pdf,MISSING_BILL
09,AMENDMENT_09_28121960.zip,MISSING,AMENDMENT_09_ACT.pdf,MISSING,https://cdnbbsr.s3waas.gov.in/s380537a945c7aaa788ccfcdf1b99b5d8f/uploads/2023/03/2023030287-3.pdf,MISSING_BILL
10,AMENDMENT_10_11081961.zip,MISSING,AMENDMENT_10_ACT.pdf,MISSING,https://cdnbbsr.s3waas.gov.in/s380537a945c7aaa788ccfcdf1b99b5d8f/uploads/2023/03/2023030245.pdf,MISSING_BILL
11,AMENDMENT_11_19121961.zip,MISSING,AMENDMENT_11_ACT.pdf,MISSING,https://cdnbbsr.s3waas.gov.in/s380537a945c7aaa788ccfcdf1b99b5d8f/uploads/2023/03/2023030288-2.pdf,MISSING_BILL
12,AMENDMENT_12_20121961.zip,MISSING,AMENDMENT_12_ACT.pdf,MISSING,https://cdnbbsr.s3waas.gov.in/s380537a945c7aaa788ccfcdf1b99b5d8f/uploads/2023/03/2023030274-1.pdf,MISSING_BILL
13,AMENDMENT_13_01121963.zip,MISSING,AMENDMENT_13_ACT.pdf,MISSING,https://cdnbbsr.s3waas.gov.in/s380537a945c7aaa788ccfcdf1b99b5d8f/uploads/2023/03/2023030265.pdf,MISSING_BILL
14,AMENDMENT_14_28121962.zip,MISSING,AMENDMENT_14_ACT.pdf,MISSING,https://cdnbbsr.s3waas.gov.in/s380537a945c7aaa788ccfcdf1b99b5d8f/uploads/2023/03/2023030241.pdf,MISSING_BILL
15,AMENDMENT_15_05101963.zip,MISSING,AMENDMENT_15_ACT.pdf,MISSING,https://cdnbbsr.s3waas.gov.in/s380537a945c7aaa788ccfcdf1b99b5d8f/uploads/2023/03/20231019830058002.pdf,MISSING_BILL
16,AMENDMENT_16_05101963.zip,AMENDMENT_16_BILL.pdf,AMENDMENT_16_ACT.pdf,https://web.archive.org/web/20230528034129id_/https://eparlib.nic.in/bitstream/123456789/58623/1/jcb_03_1963_constitution_16th_amendment.pdf,https://cdnbbsr.s3waas.gov.in/s380537a945c7aaa788ccfcdf1b99b5d8f/uploads/2023/03/2023030234-1.pdf,OK
17,AMENDMENT_17_20061964.zip,MISSING,AMENDMENT_17_ACT.pdf,MISSING,https://cdnbbsr.s3waas.gov.in/s380537a945c7aaa788ccfcdf1b99b5d8f/uploads/2023/03/2023030298.pdf,MISSING_BILL
18,AMENDMENT_18_27081966.zip,MISSING,AMENDMENT_18_ACT.pdf,MISSING,https://cdnbbsr.s3waas.gov.in/s380537a945c7aaa788ccfcdf1b99b5d8f/uploads/2023/03/2023030236-1.pdf,MISSING_BILL
19,AMENDMENT_19_11121966.zip,MISSING,AMENDMENT_19_ACT.pdf,MISSING,https://cdnbbsr.s3waas.gov.in/s380537a945c7aaa788ccfcdf1b99b5d8f/uploads/2023/03/2023030255-2.pdf,MISSING_BILL
20,AMENDMENT_20_22121966.zip,MISSING,AMENDMENT_20_ACT.pdf,MISSING,https://cdnbbsr.s3waas.gov.in/s380537a945c7aaa788ccfcdf1b99b5d8f/uploads/2023/03/20230302100.pdf,MISSING_BILL
21,AMENDMENT_21_10041967.zip,MISSING,AMENDMENT_21_ACT.pdf,MISSING,https://cdnbbsr.s3waas.gov.in/s380537a945c7aaa788ccfcdf1b99b5d8f/uploads/2023/03/2023030216-3.pdf,MISSING_BILL
22,AMENDMENT_22_25091969.zip,MISSING,AMENDMENT_22_ACT.pdf,MISSING,https://cdnbbsr.s3waas.gov.in/s380537a945c7aaa788ccfcdf1b99b5d8f/uploads/2023/03/2023030259-2.pdf,MISSING_BILL
23,AMENDMENT_23_23011970.zip,MISSING,AMENDMENT_23_ACT.pdf,MISSING,https://cdnbbsr.s3waas.gov.in/s380537a945c7aaa788ccfcdf1b99b5d8f/uploads/2023/03/2023030287-2.pdf,MISSING_BILL
24,AMENDMENT_24_05111971.zip,MISSING,AMENDMENT_24_ACT.pdf,MISSING,https://cdnbbsr.s3waas.gov.in/s380537a945c7aaa788ccfcdf1b99b5d8f/uploads/2023/03/2023030215.pdf,MISSING_BILL
25,AMENDMENT_25_20041972.zip,MISSING,AMENDMENT_25_ACT.pdf,MISSING,https://cdnbbsr.s3waas.gov.in/s380537a945c7aaa788ccfcdf1b99b5d8f/uploads/2023/03/2023030251-2.pdf,MISSING_BILL
26,AMENDMENT_26_28121971.zip,MISSING,AMENDMENT_26_ACT.pdf,MISSING,https://cdnbbsr.s3waas.gov.in/s380537a945c7aaa788ccfcdf1b99b5d8f/uploads/2023/03/20231019850001859.pdf,MISSING_BILL
27,AMENDMENT_27_15021972.zip,MISSING,AMENDMENT_27_ACT.pdf,MISSING,https://cdnbbsr.s3waas.gov.in/s380537a945c7aaa788ccfcdf1b99b5d8f/uploads/2023/03/2023030285.pdf,MISSING_BILL
28,AMENDMENT_28_29081972.zip,MISSING,AMENDMENT_28_ACT.pdf,MISSING,https://cdnbbsr.s3waas.gov.in/s380537a945c7aaa788ccfcdf1b99b5d8f/uploads/2023/03/2023030233.pdf,MISSING_BILL
29,AMENDMENT_29_09061972.zip,MISSING,AMENDMENT_29_ACT.pdf,MISSING,https://cdnbbsr.s3waas.gov.in/s380537a945c7aaa788ccfcdf1b99b5d8f/uploads/2023/03/2023030227.pdf,MISSING_BILL
30,AMENDMENT_30_27021973.zip,MISSING,AMENDMENT_30_ACT.pdf,MISSING,https://cdnbbsr.s3waas.gov.in/s380537a945c7aaa788ccfcdf1b99b5d8f/uploads/2023/03/2023030255-1.pdf,MISSING_BILL
31,AMENDMENT_31_17101973.zip,MISSING,AMENDMENT_31_ACT.pdf,MISSING,https://cdnbbsr.s3waas.gov.in/s380537a945c7aaa788ccfcdf1b99b5d8f/uploads/2023/03/2023030259-1.pdf,MISSING_BILL
32,AMENDMENT_32_01071974.zip,MISSING,AMENDMENT_32_ACT.pdf,MISSING,https://cdnbbsr.s3waas.gov.in/s380537a945c7aaa788ccfcdf1b99b5d8f/uploads/2023/03/2023030213.pdf,MISSING_BILL
33,AMENDMENT_33_19051974.zip,MISSING,AMENDMENT_33_ACT.pdf,MISSING,https://cdnbbsr.s3waas.gov.in/s380537a945c7aaa788ccfcdf1b99b5d8f/uploads/2023/03/2023030224-1.pdf,MISSING_BILL
34,AMENDMENT_34_07091974.zip,MISSING,AMENDMENT_34_ACT.pdf,MISSING,https://cdnbbsr.s3waas.gov.in/s380537a945c7aaa788ccfcdf1b99b5d8f/uploads/2023/03/2023030277.pdf,MISSING_BILL
35,AMENDMENT_35_01031975.zip,MISSING,AMENDMENT_35_ACT.pdf,MISSING,https://cdnbbsr.s3waas.gov.in/s380537a945c7aaa788ccfcdf1b99b5d8f/uploads/2023/03/2023030275.pdf,MISSING_BILL
36,AMENDMENT_36_26041975.zip,MISSING,AMENDMENT_36_ACT.pdf,MISSING,https://cdnbbsr.s3waas.gov.in/s380537a945c7aaa788ccfcdf1b99b5d8f/uploads/2023/03/2023030232-2.pdf,MISSING_BILL
37,AMENDMENT_37_03051975.zip,MISSING,AMENDMENT_37_ACT.pdf,MISSING,https://cdnbbsr.s3waas.gov.in/s380537a945c7aaa788ccfcdf1b99b5d8f/uploads/2023/03/2023030251-1.pdf,MISSING_BILL
38,AMENDMENT_38_01081975.zip,MISSING,AMENDMENT_38_ACT.pdf,MISSING,https://cdnbbsr.s3waas.gov.in/s380537a945c7aaa788ccfcdf1b99b5d8f/uploads/2023/03/2023030225.pdf,MISSING_BILL
39,AMENDMENT_39_10081975.zip,MISSING,AMENDMENT_39_ACT.pdf,MISSING,https://cdnbbsr.s3waas.gov.in/s380537a945c7aaa788ccfcdf1b99b5d8f/uploads/2023/03/2023030253.pdf,MISSING_BILL
40,AMENDMENT_40_27051976.zip,MISSING,AMENDMENT_40_ACT.pdf,MISSING,https://cdnbbsr.s3waas.gov.in/s380537a945c7aaa788ccfcdf1b99b5d8f/uploads/2023/03/2023030231-2.pdf,MISSING_BILL
41,AMENDMENT_41_07091976.zip,MISSING,AMENDMENT_41_ACT.pdf,MISSING,https://cdnbbsr.s3waas.gov.in/s380537a945c7aaa788ccfcdf1b99b5d8f/uploads/2023/03/2023030240-1.pdf,MISSING_BILL
42,AMENDMENT_42_01041977.zip,MISSING,AMENDMENT_42_ACT.pdf,MISSING,https://cdnbbsr.s3waas.gov.in/s380537a945c7aaa788ccfcdf1b99b5d8f/uploads/2023/03/2023030290.pdf,MISSING_BILL
43,AMENDMENT_43_13041978.zip,MISSING,AMENDMENT_43_ACT.pdf,MISSING,https://cdnbbsr.s3waas.gov.in/s380537a945c7aaa788ccfcdf1b99b5d8f/uploads/2023/03/2023030288-1.pdf,MISSING_BILL
44,AMENDMENT_44_06091979.zip,MISSING,AMENDMENT_44_ACT.pdf,MISSING,https://cdnbbsr.s3waas.gov.in/s380537a945c7aaa788ccfcdf1b99b5d8f/uploads/2023/03/2023030242-2.pdf,MISSING_BILL
45,AMENDMENT_45_25011980.zip,MISSING,AMENDMENT_45_ACT.pdf,MISSING,https://cdnbbsr.s3waas.gov.in/s380537a945c7aaa788ccfcdf1b99b5d8f/uploads/2023/03/2023030234.pdf,MISSING_BILL
46,AMENDMENT_46_02021983.zip,MISSING,AMENDMENT_46_ACT.pdf,MISSING,https://cdnbbsr.s3waas.gov.in/s380537a945c7aaa788ccfcdf1b99b5d8f/uploads/2023/03/2023030250-1.pdf,MISSING_BILL
47,AMENDMENT_47_26081984.zip,MISSING,AMENDMENT_47_ACT.pdf,MISSING,https://cdnbbsr.s3waas.gov.in/s380537a945c7aaa788ccfcdf1b99b5d8f/uploads/2023/03/2023030271-1.pdf,MISSING_BILL
48,AMENDMENT_48_01041985.zip,MISSING,AMENDMENT_48_ACT.pdf,MISSING,https://cdnbbsr.s3waas.gov.in/s380537a945c7aaa788ccfcdf1b99b5d8f/uploads/2023/03/2023030293.pdf,MISSING_BILL
49,AMENDMENT_49_11091984.zip,MISSING,AMENDMENT_49_ACT.pdf,MISSING,https://cdnbbsr.s3waas.gov.in/s380537a945c7aaa788ccfcdf1b99b5d8f/uploads/2023/03/2023030262.pdf,MISSING_BILL
50,AMENDMENT_50_11091984.zip,MISSING,AMENDMENT_50_ACT.pdf,MISSING,https://cdnbbsr.s3waas.gov.in/s380537a945c7aaa788ccfcdf1b99b5d8f/uploads/2023/03/2023030216-2.pdf,MISSING_BILL
51,AMENDMENT_51_16061986.zip,MISSING,AMENDMENT_51_ACT.pdf,MISSING,https://cdnbbsr.s3waas.gov.in/s380537a945c7aaa788ccfcdf1b99b5d8f/uploads/2023/03/2023030288.pdf,MISSING_BILL
52,AMENDMENT_52_01031985.zip,MISSING,AMENDMENT_52_ACT.pdf,MISSING,https://cdnbbsr.s3waas.gov.in/s380537a945c7aaa788ccfcdf1b99b5d8f/uploads/2023/03/2023030250.pdf,MISSING_BILL
53,AMENDMENT_53_20021987.zip,MISSING,AMENDMENT_53_ACT.pdf,MISSING,https://cdnbbsr.s3waas.gov.in/s380537a945c7aaa788ccfcdf1b99b5d8f/uploads/2023/03/2023030270-1.pdf,MISSING_BILL
54,AMENDMENT_54_14031987.zip,MISSING,AMENDMENT_54_ACT.pdf,MISSING,https://cdnbbsr.s3waas.gov.in/s380537a945c7aaa788ccfcdf1b99b5d8f/uploads/2023/03/2023030282.pdf,MISSING_BILL
55,AMENDMENT_55_23121986.zip,MISSING,AMENDMENT_55_ACT.pdf,MISSING,https://cdnbbsr.s3waas.gov.in/s380537a945c7aaa788ccfcdf1b99b5d8f/uploads/2023/03/2023030273-2.pdf,MISSING_BILL
56,AMENDMENT_56_23051987.zip,MISSING,AMENDMENT_56_ACT.pdf,MISSING,https://cdnbbsr.s3waas.gov.in/s380537a945c7aaa788ccfcdf1b99b5d8f/uploads/2023/03/2023030218-2.pdf,MISSING_BILL
57,AMENDMENT_57_15091987.zip,MISSING,AMENDMENT_57_ACT.pdf,MISSING,https://cdnbbsr.s3waas.gov.in/s380537a945c7aaa788ccfcdf1b99b5d8f/uploads/2023/03/2023030210.pdf,MISSING_BILL
58,AMENDMENT_58_09121987.zip,MISSING,AMENDMENT_58_ACT.pdf,MISSING,https://cdnbbsr.s3waas.gov.in/s380537a945c7aaa788ccfcdf1b99b5d8f/uploads/2023/03/2023030274.pdf,MISSING_BILL
59,AMENDMENT_59_30031988.zip,MISSING,AMENDMENT_59_ACT.pdf,MISSING,https://cdnbbsr.s3waas.gov.in/s380537a945c7aaa788ccfcdf1b99b5d8f/uploads/2023/03/2023030242-1.pdf,MISSING_BILL
60,AMENDMENT_60_20121988.zip,MISSING,AMENDMENT_60_ACT.pdf,MISSING,https://cdnbbsr.s3waas.gov.in/s380537a945c7aaa788ccfcdf1b99b5d8f/uploads/2023/03/2023030222-1.pdf,MISSING_BILL
61,AMENDMENT_61_28031989.zip,MISSING,AMENDMENT_61_ACT.pdf,MISSING,https://cdnbbsr.s3waas.gov.in/s380537a945c7aaa788ccfcdf1b99b5d8f/uploads/2023/03/2023030259.pdf,MISSING_BILL
62,AMENDMENT_62_25011990.zip,MISSING,AMENDMENT_62_ACT.pdf,MISSING,https://cdnbbsr.s3waas.gov.in/s380537a945c7aaa788ccfcdf1b99b5d8f/uploads/2023/03/2023030297-2.pdf,MISSING_BILL
63,AMENDMENT_63_06011990.zip,MISSING,AMENDMENT_63_ACT.pdf,MISSING,https://cdnbbsr.s3waas.gov.in/s380537a945c7aaa788ccfcdf1b99b5d8f/uploads/2023/03/2023030260.pdf,MISSING_BILL
64,AMENDMENT_64_16041990.zip,MISSING,AMENDMENT_64_ACT.pdf,MISSING,https://cdnbbsr.s3waas.gov.in/s380537a945c7aaa788ccfcdf1b99b5d8f/uploads/2023/03/2023030283.pdf,MISSING_BILL
65,AMENDMENT_65_07061990.zip,MISSING,AMENDMENT_65_ACT.pdf,MISSING,https://cdnbbsr.s3waas.gov.in/s380537a945c7aaa788ccfcdf1b99b5d8f/uploads/2023/03/2023030267-2.pdf,MISSING_BILL
66,AMENDMENT_66_07061990.zip,MISSING,AMENDMENT_66_ACT.pdf,MISSING,https://cdnbbsr.s3waas.gov.in/s380537a945c7aaa788ccfcdf1b99b5d8f/uploads/2023/03/20231019371264039.pdf,MISSING_BILL
67,AMENDMENT_67_04101990.zip,MISSING,AMENDMENT_67_ACT.pdf,MISSING,https://cdnbbsr.s3waas.gov.in/s380537a945c7aaa788ccfcdf1b99b5d8f/uploads/2023/03/2023030239.pdf,MISSING_BILL
68,AMENDMENT_68_12031991.zip,MISSING,AMENDMENT_68_ACT.pdf,MISSING,https://cdnbbsr.s3waas.gov.in/s380537a945c7aaa788ccfcdf1b99b5d8f/uploads/2023/03/2023030261-1.pdf,MISSING_BILL
69,AMENDMENT_69_01021992.zip,MISSING,AMENDMENT_69_ACT.pdf,MISSING,https://cdnbbsr.s3waas.gov.in/s380537a945c7aaa788ccfcdf1b99b5d8f/uploads/2023/03/202310191443418440.pdf,MISSING_BILL
70,AMENDMENT_70_21121991.zip,MISSING,AMENDMENT_70_ACT.pdf,MISSING,https://cdnbbsr.s3waas.gov.in/s380537a945c7aaa788ccfcdf1b99b5d8f/uploads/2023/03/2023030256.pdf,MISSING_BILL
71,AMENDMENT_71_31081992.zip,MISSING,AMENDMENT_71_ACT.pdf,MISSING,https://cdnbbsr.s3waas.gov.in/s380537a945c7aaa788ccfcdf1b99b5d8f/uploads/2023/03/2023030242.pdf,MISSING_BILL
72,AMENDMENT_72_05121992.zip,MISSING,AMENDMENT_72_ACT.pdf,MISSING,https://cdnbbsr.s3waas.gov.in/s380537a945c7aaa788ccfcdf1b99b5d8f/uploads/2023/03/202310191777381238.pdf,MISSING_BILL
73,AMENDMENT_73_24041993.zip,MISSING,AMENDMENT_73_ACT.pdf,MISSING,https://cdnbbsr.s3waas.gov.in/s380537a945c7aaa788ccfcdf1b99b5d8f/uploads/2023/03/2023030272.pdf,MISSING_BILL
74,AMENDMENT_74_01061993.zip,MISSING,AMENDMENT_74_ACT.pdf,MISSING,https://cdnbbsr.s3waas.gov.in/s380537a945c7aaa788ccfcdf1b99b5d8f/uploads/2023/03/2023030214.pdf,MISSING_BILL
75,AMENDMENT_75_15051994.zip,MISSING,AMENDMENT_75_ACT.pdf,MISSING,https://cdnbbsr.s3waas.gov.in/s380537a945c7aaa788ccfcdf1b99b5d8f/uploads/2023/03/202310191626855705.pdf,MISSING_BILL
76,AMENDMENT_76_31081994.zip,MISSING,AMENDMENT_76_ACT.pdf,MISSING,https://cdnbbsr.s3waas.gov.in/s380537a945c7aaa788ccfcdf1b99b5d8f/uploads/2023/03/2023030264-1.pdf,MISSING_BILL
77,AMENDMENT_77_17061995.zip,MISSING,AMENDMENT_77_ACT.pdf,MISSING,https://cdnbbsr.s3waas.gov.in/s380537a945c7aaa788ccfcdf1b99b5d8f/uploads/2023/03/2023030267-1.pdf,MISSING_BILL
78,AMENDMENT_78_30081995.zip,MISSING,AMENDMENT_78_ACT.pdf,MISSING,https://cdnbbsr.s3waas.gov.in/s380537a945c7aaa788ccfcdf1b99b5d8f/uploads/2023/03/2023030240.pdf,MISSING_BILL
79,AMENDMENT_79_25012000.zip,MISSING,AMENDMENT_79_ACT.pdf,MISSING,https://cdnbbsr.s3waas.gov.in/s380537a945c7aaa788ccfcdf1b99b5d8f/uploads/2023/10/20231019870237849.pdf,MISSING_BILL
80,AMENDMENT_80_09062000.zip,MISSING,AMENDMENT_80_ACT.pdf,MISSING,https://cdnbbsr.s3waas.gov.in/s380537a945c7aaa788ccfcdf1b99b5d8f/uploads/2023/03/2023030297-1.pdf,MISSING_BILL
81,AMENDMENT_81_09062000.zip,MISSING,AMENDMENT_81_ACT.pdf,MISSING,https://cdnbbsr.s3waas.gov.in/s380537a945c7aaa788ccfcdf1b99b5d8f/uploads/2023/03/2023030230-2.pdf,MISSING_BILL
82,AMENDMENT_82_08092000.zip,MISSING,AMENDMENT_82_ACT.pdf,MISSING,https://cdnbbsr.s3waas.gov.in/s380537a945c7aaa788ccfcdf1b99b5d8f/uploads/2023/03/2023030218-1.pdf,MISSING_BILL
83,AMENDMENT_83_08092000.zip,MISSING,AMENDMENT_83_ACT.pdf,MISSING,https://cdnbbsr.s3waas.gov.in/s380537a945c7aaa788ccfcdf1b99b5d8f/uploads/2023/03/2023030286.pdf,MISSING_BILL
84,AMENDMENT_84_21022002.zip,MISSING,AMENDMENT_84_ACT.pdf,MISSING,https://cdnbbsr.s3waas.gov.in/s380537a945c7aaa788ccfcdf1b99b5d8f/uploads/2023/03/2023030231-1.pdf,MISSING_BILL
85,AMENDMENT_85_04012002.zip,MISSING,AMENDMENT_85_ACT.pdf,MISSING,https://cdnbbsr.s3waas.gov.in/s380537a945c7aaa788ccfcdf1b99b5d8f/uploads/2023/03/2023030246-1.pdf,MISSING_BILL
86,AMENDMENT_86_12122002.zip,MISSING,AMENDMENT_86_ACT.pdf,MISSING,https://cdnbbsr.s3waas.gov.in/s380537a945c7aaa788ccfcdf1b99b5d8f/uploads/2023/03/2023030232-1.pdf,MISSING_BILL
87,AMENDMENT_87_22062003.zip,MISSING,AMENDMENT_87_ACT.pdf,MISSING,https://cdnbbsr.s3waas.gov.in/s380537a945c7aaa788ccfcdf1b99b5d8f/uploads/2023/03/2023030226-1.pdf,MISSING_BILL
88,AMENDMENT_88_11022003_but_enforced_15012004.zip,MISSING,AMENDMENT_88_ACT.pdf,MISSING,https://cdnbbsr.s3waas.gov.in/s380537a945c7aaa788ccfcdf1b99b5d8f/uploads/2023/03/2023030270.pdf,MISSING_BILL
89,AMENDMENT_89_28092003.zip,MISSING,AMENDMENT_89_ACT.pdf,MISSING,https://cdnbbsr.s3waas.gov.in/s380537a945c7aaa788ccfcdf1b99b5d8f/uploads/2023/03/2023030230-1.pdf,MISSING_BILL
90,AMENDMENT_90_28092003.zip,MISSING,AMENDMENT_90_ACT.pdf,MISSING,https://cdnbbsr.s3waas.gov.in/s380537a945c7aaa788ccfcdf1b99b5d8f/uploads/2023/03/2023030261.pdf,MISSING_BILL
91,AMENDMENT_91_01012004.zip,MISSING,AMENDMENT_91_ACT.pdf,MISSING,https://cdnbbsr.s3waas.gov.in/s380537a945c7aaa788ccfcdf1b99b5d8f/uploads/2023/03/202310191547304399.pdf,MISSING_BILL
92,AMENDMENT_92_07012004.zip,MISSING,AMENDMENT_92_ACT.pdf,MISSING,https://cdnbbsr.s3waas.gov.in/s380537a945c7aaa788ccfcdf1b99b5d8f/uploads/2023/03/202310191652938261.pdf,MISSING_BILL
93,AMENDMENT_93_20012006.zip,MISSING,AMENDMENT_93_ACT.pdf,MISSING,https://cdnbbsr.s3waas.gov.in/s380537a945c7aaa788ccfcdf1b99b5d8f/uploads/2023/03/20231019528206433.pdf,MISSING_BILL
94,AMENDMENT_94_12062006.zip,MISSING,AMENDMENT_94_ACT.pdf,MISSING,https://cdnbbsr.s3waas.gov.in/s380537a945c7aaa788ccfcdf1b99b5d8f/uploads/2023/03/2023030212.pdf,MISSING_BILL
95,AMENDMENT_95_25012010.zip,MISSING,AMENDMENT_95_ACT.pdf,MISSING,https://cdnbbsr.s3waas.gov.in/s380537a945c7aaa788ccfcdf1b99b5d8f/uploads/2023/03/2023030236.pdf,MISSING_BILL
96,AMENDMENT_96_23092011.zip,MISSING,AMENDMENT_96_ACT.pdf,MISSING,https://cdnbbsr.s3waas.gov.in/s380537a945c7aaa788ccfcdf1b99b5d8f/uploads/2023/03/2023030222.pdf,MISSING_BILL
